"","FACULTY1","result"
"1","AG",0.324999999999995
"2","AP",0.235772357723579
"3","AR",0.433333333333327
"4","CO",0.352941176470582
"5","DE",0.599999999999998
"6","ED",0.237113402061852
"7","FR",0.249999999999996
"8","GR",0.40697674418604
"9","LA",0.777027027027011
"10","ME",0.565656565656571
"11","PH",0.0606060606060636
"12","PO",0.999999527896808
"13","SC",0.122448979591838
"14","ND",0.666144200626962
